actual_consumption,predicted_consumption,error
84.77857089845811,74.33040960701344,10.448161291444677
62.77777328196635,81.38032159440935,-18.602548312443005
85.23139055360414,74.35687132897998,10.874519224624166
94.52533434396793,85.21637734938412,9.30895699458381
75.31283757044484,72.6453573625878,2.6674802078570394
71.17906441062561,68.21063534644459,2.9684290641810236
83.50179530846134,77.89977754300455,5.602017765456793
69.16972499363457,76.31633433395835,-7.146609340323778
68.49103633708032,69.48942143021469,-0.9983850931343738
84.06244337925983,80.99914363101513,3.0632997482447024
85.38841735591635,78.8699109951875,6.51850636072885
77.87769146042558,82.10368582420223,-4.22599436377665
84.74009750298251,80.96279272054127,3.7773047824412345
74.44998449163582,73.86037508112355,0.5896094105122671
83.91064163455738,83.30200691915705,0.6086347154003278
63.18722122540101,73.50447920287117,-10.317257977470156
79.34563346025415,75.73610710265778,3.6095263575963656
79.58045480080764,72.99086881234079,6.589585988466851
81.1656302300322,81.23835974851485,-0.07272951848264597
75.78651816197926,79.54986087744037,-3.763342715461107
73.4805150982396,75.0220953864901,-1.5415802882505005
81.32629525324593,68.28803312923213,13.038262124013798
77.35279796157153,78.42389987900451,-1.0711019174329834
68.74994600668715,73.54113913157117,-4.791193124884018
82.55856431654315,86.43308516310812,-3.8745208465649625
70.46552358032476,73.204842011257,-2.7393184309322436
69.31391681163416,66.01019732374937,3.3037194878847913
86.27594100947952,78.87430131779891,7.401639691680614
69.91929988659498,82.65905545219152,-12.739755565596539
84.2199784977911,79.25018837122714,4.969790126563964
77.61072111855154,83.50992080096482,-5.899199682413283
81.98142865281332,78.77167014411829,3.2097585086950318
91.45891798924718,80.96637696511993,10.492541024127249
82.12864822511324,74.99384305790372,7.134805167209521
69.49850191723229,68.07107548957967,1.4274264276526196
67.06935811988727,70.86624258288859,-3.7968844630013194
88.03524475911131,77.3540338668706,10.681210892240713
87.68495086471147,75.90070259842214,11.784248266289325
77.56293984926549,76.24008352214142,1.3228563271240716
87.10515144798559,85.10076673568624,2.0043847122993554
75.77680286957317,87.15163075574823,-11.374827886175055
74.15318339971455,75.27044253435501,-1.117259134640463
74.16033755004982,73.10333450008666,1.057003049963157
76.1061781008304,70.97602456937744,5.130153531452962
74.86247537123884,76.61778815308551,-1.7553127818466692
65.04266925944748,72.00030952129228,-6.957640261844801
65.60244805838178,75.2053083582633,-9.602860299881513
85.44850166941654,87.05765375122209,-1.6091520818055471
78.89390913532613,81.9536576082966,-3.059748472970469
81.77184415218684,83.02172772381496,-1.2498835716281178
79.02377108932282,74.24946558469645,4.774305504626369
71.00532693584128,75.52071359971104,-4.515386663869762
59.351571037226336,74.32749072698077,-14.975919689754434
63.619377711276535,67.27090971229914,-3.651532001022609
91.3572437948662,85.62132046022252,5.735923334643687
91.72490861461428,75.73393167837484,15.990976936239434
81.42303545012767,66.08221856275803,15.340816887369641
75.6149818889058,77.74586374189883,-2.130881852993028
84.48385917790728,79.28281644318534,5.201042734721938
96.5044051984195,84.30862926332982,12.195775935089685
58.30464073554305,70.51359749128864,-12.208956755745582
75.21739605764775,77.61422218183264,-2.396826124184898
61.18759582519482,77.1450359372492,-15.957440112054385
80.62494396644682,83.45863472516962,-2.8336907587227955
78.39420777459377,74.94632933933362,3.447878435260151
65.450694898944,69.8580891954144,-4.4073942964704
64.34291244865224,80.31479051472209,-15.971878066069849
67.20027433024919,80.42545931461119,-13.225184984362002
58.507400004848925,80.34925931049423,-21.841859305645308
77.40009678289175,71.60821681046787,5.791879972423885
68.80215887454304,73.09965719261619,-4.297498318073153
72.1170986136019,80.84897661309034,-8.731877999488447
68.52149457374996,78.40410088746587,-9.882606313715911
64.15908028277804,71.5798476784307,-7.4207673956526605
84.17388826467351,73.91575961084746,10.258128653826049
70.98241992538658,87.64124165385847,-16.658821728471892
72.58267635779946,75.63281137452614,-3.050135016726685
91.5343347188314,85.14020896396089,6.394125754870515
88.9017523267705,81.39854616373432,7.503206163036182
79.00985400219069,68.90586329921278,10.10399070297791
55.115525228593725,67.95789269784787,-12.842367469254143
78.28813430782176,75.39449147634045,2.8936428314813156
65.78338029282158,82.78094472651233,-16.997564433690755
81.70877934566262,63.491152899653834,18.217626446008786
79.9091049857968,82.14412690625586,-2.2350219204590616
78.31929218568234,73.48636457697722,4.83292760870512
90.01825906112286,87.10008944028151,2.918169620841354
73.02425358538392,70.03609226410065,2.988161321283272
58.704666458579766,81.72142874283784,-23.01676228425808
76.42486006304497,71.74750663989128,4.67735342315369
90.06064809494269,87.47158408577302,2.5890640091696753
70.11778994803151,79.05708800713283,-8.939298059101318
77.22008603312915,82.02862619758271,-4.808540164453561
82.31349166656268,78.9146888278443,3.3988028387183817
93.9589445168873,84.33661104627194,9.62233347061536
92.15729281004003,87.5042222472437,4.65307056279633
57.669321764474894,67.33532849109412,-9.666006726619223
80.00174605798944,74.79393281094359,5.2078132470458485
78.8322123678672,80.27558409388453,-1.4433717260173324
78.25428789721424,84.25264682905919,-5.9983589318449475
91.4328267687952,79.49712272749231,11.935704041302884
77.38690684102225,82.43908115289203,-5.052174311869777
75.63399084811637,70.77970823697164,4.8542826111447255
90.07636360527204,82.61520589402411,7.461157711247921
70.75779856628381,68.68831243325667,2.069486133027141
72.66316703041736,77.03517007933064,-4.372003048913285
70.05016651805498,75.29005903591808,-5.2398925178630975
75.38778581213107,71.09078020331587,4.297005608815198
78.98594971794249,79.87055895307229,-0.8846092351298012
76.04496327502544,79.83706386838175,-3.7921005933563094
95.79880219102566,75.48706853730921,20.311733653716445
68.99397026338698,81.58544369844,-12.591473435053018
76.60964893281043,75.97927818322677,0.6303707495836619
58.82047314243,71.54762086297346,-12.727147720543464
80.54181039820747,76.87641380577148,3.6653965924359966
94.01678620230686,76.50476792658696,17.512018275719896
95.53778184433348,86.01845200424097,9.51932984009251
56.88434418661912,74.06304376284076,-17.178699576221646
74.66520658582795,78.0307489953054,-3.365542409477456
81.05177907819734,74.07271137693505,6.979067701262295
72.37529722155993,80.84353874306233,-8.468241521502392
66.75507765821669,72.46609643997084,-5.711018781754149
83.92000706522727,79.29813997415239,4.621867091074876
73.37704700964338,67.97413575135032,5.402911258293059
75.65187814075509,71.23097756002453,4.42090058073056
78.72337385208336,73.64522967899597,5.078144173087381
55.976923136954326,66.00824537135365,-10.031322234399326
76.11114591857094,70.09424000606764,6.016905912503304
71.35244717348385,77.79907410541213,-6.446626931928279
65.59552703731049,67.66822402543237,-2.0726969881218764
66.55100285498607,74.20438307184403,-7.653380216857968
84.37872892942308,75.03004710183345,9.34868182758963
63.84766419720485,76.400969857714,-12.553305660509153
78.55533978258461,80.97216477211956,-2.4168249895349447
67.58202015175526,67.98501968491209,-0.4029995331568301
69.49995795400616,86.0781428387714,-16.578184884765236
69.77774831581881,79.909922235308,-10.13217391948919
76.7546793251786,86.94865567743354,-10.193976352254936
73.76491766482671,67.89070226667137,5.874215398155343
78.22920748795471,75.9976988604367,2.2315086275180107
74.42840461782671,69.23185717847404,5.1965474393526705
80.95907028056666,71.08466818362685,9.874402096939818
78.53820931771128,72.40345257499538,6.1347567427158936
63.27657330391255,70.43252655060223,-7.155953246689684
73.81639917781554,84.45321879191839,-10.636819614102848
57.04108751675449,65.1751340325198,-8.134046515765306
89.69398460957815,82.09276165094897,7.6012229586291795
82.08658603800616,87.28837217253425,-5.201786134528092
72.65259324289462,76.95040984157389,-4.297816598679262
85.02065513084902,74.33566661663828,10.684988514210744
73.40101654274176,70.14855850140471,3.25245804133705
76.33209829430467,85.01173759331256,-8.679639299007889
74.26873991975144,78.78403191102736,-4.515291991275916
90.72838121065958,84.67019742001604,6.05818379064354
72.76806331924585,74.34344017898347,-1.5753768597376165
78.20623587095885,76.82218189832945,1.3840539726294026
60.92191866793816,66.08613869109979,-5.164220023161633
87.41174571955052,75.56145757137809,11.850288148172439
74.09003446619992,81.84356648203453,-7.753532015834608
74.17904403679803,72.42362305915536,1.7554209776426717
70.0387360355555,71.03972780590311,-1.0009917703476106
65.32816411357399,71.88262630723905,-6.55446219366506
80.01859291511454,79.93439239153572,0.08420052357881502
85.44411379636657,80.96319172340796,4.480922072958606
74.11609389205148,77.62407195500528,-3.5079780629537964
71.38473142773213,65.99215876205673,5.392572665675402
79.95958826717951,72.57890736199333,7.380680905186182
68.27471819371948,76.93021668574224,-8.655498492022758
83.94257095679443,74.24318628498044,9.699384671813988
69.4388154048314,80.08157507559935,-10.642759670767944
86.4965551471148,81.78444347427681,4.712111672837992
77.9331944070946,74.51470748729011,3.4184869198044936
68.28043233894483,67.75222870749315,0.5282036314516887
85.8114743861873,83.8852192043095,1.9262551818778064
67.07114719268937,75.59333998203996,-8.522192789350598
80.41314817286987,86.39466868619378,-5.981520513323915
85.45213547187677,78.91881195122905,6.533323520647727
71.90360845573552,77.07522491737822,-5.171616461642699
74.71188395531024,72.32702531898552,2.384858636324722
72.5446810968823,79.96133121668149,-7.416650119799186
93.78884880883398,82.64618080777227,11.142668001061708
89.70531053533857,83.8071461482972,5.898164387041362
66.60489228637483,76.77212413198313,-10.167231845608299
75.29040593436996,73.04862174289448,2.2417841914754746
75.67224768694929,70.5173717057936,5.154875981155698
82.65794459883139,80.0189112766338,2.639033322197591
70.41968890735309,71.50426358579107,-1.0845746784379742
79.96189254252313,77.83037225374603,2.1315202887770965
70.31639320798583,71.0677864408305,-0.7513932328446771
92.24183527844218,80.96384773395847,11.277987544483707
76.4254060741374,74.24932664180233,2.1760794323350723
75.83583500900261,74.41376277183824,1.4220722371643717
68.217875416883,69.89963797062036,-1.6817625537373573
65.73898768121047,72.59122554398726,-6.852237862776789
87.72453781173718,77.88103267781536,9.843505133921823
82.05063779896635,75.51861383816569,6.532023960800657
81.27375409650702,77.66258106849494,3.6111730280120753
82.21391159702172,75.13449811159055,7.079413485431175
71.80490335924938,81.40036630382168,-9.595462944572304
68.25286081235716,80.05028660931997,-11.797425796962813
79.01738699307455,84.27743882752068,-5.260051834446131
79.76646360598038,75.09065669563762,4.675806910342757
95.377738522993,80.2236979983548,15.154040524638205
84.11565854056964,68.70433066399642,15.411327876573225
92.43354015882124,79.72938529751814,12.70415486130311
86.42252374882118,80.36157947657314,6.060944272248037
85.65057867186486,75.73452509089982,9.916053580965041
98.48533668170036,73.55562963458475,24.929707047115613
81.97148867957229,80.65780682985582,1.313681849716474
78.70128232907643,74.64860552779345,4.052676801282985
66.93548359281212,77.68559231791869,-10.750108725106571
71.54531130791871,73.42989195168697,-1.8845806437682597
93.25225454231546,82.13648772341399,11.115766818901463
77.10063440092652,81.6453630981228,-4.544728697196277
84.65103311295626,75.48071795312151,9.170315159834743
79.25915514084267,77.15634308913225,2.1028120517104156
62.11286709151652,71.96379066374247,-9.850923572225952
59.847392688307885,69.53442682884223,-9.687034140534344
81.27662201509924,81.03460064832461,0.2420213667746225
77.80964559636898,76.7592851996708,1.0503603966981814
59.06265467659771,70.15685383040977,-11.094199153812063
71.89591789087714,72.15015877510291,-0.25424088422576574
74.43418010222115,69.51740977183262,4.91677033038853
99.20112,86.72108306723263,12.480036932767376
71.86451924446963,69.47916749430398,2.385351750165654
99.20112,80.40612229360121,18.79499770639879
68.14098488521981,77.40302269709092,-9.26203781187111
63.189068770056885,68.85282499215545,-5.663756222098563
78.55300132169354,78.69188805026873,-0.13888672857518713
77.73706388068781,80.9619805897341,-3.2249167090462834
74.51737038420895,83.64914144289847,-9.131771058689523
70.84825094110823,67.83705835871503,3.011192582393207
78.898703518725,79.37245990831316,-0.4737563895881607
77.74311715955228,84.95990760418572,-7.216790444633432
83.24548578666972,80.32802872937785,2.9174570572918697
67.76312284744277,81.0231642494245,-13.260041401981724
85.61825098954306,74.20750322012664,11.410747769416417
89.49271921516606,83.78857720209882,5.704142013067241
75.789361181351,76.86403716693569,-1.0746759855846904
61.424007185236974,72.43498905307055,-11.010981867833578
67.00711451695811,73.78142342142289,-6.774308904464775
74.11810022464476,66.9336031729137,7.184497051731057
66.05936686473527,74.10464241606037,-8.045275551325105
71.31864579208272,80.27248066385549,-8.95383487177277
68.35589205976581,72.90964038831162,-4.553748328545808
62.23221171536716,74.84033159396103,-12.608119878593868
76.72800561682065,67.57465240240438,9.15335321441627
94.49990304870764,71.9744856149402,22.52541743376743
86.3144838966546,77.0302965398812,9.284187356773387
89.86056542016965,86.4597768629575,3.4007885572121523
77.55234583560119,73.6901749558365,3.8621708797646903
81.52196916056084,70.04375153287687,11.478217627683975
69.5867678126581,79.6471085334015,-10.060340720743397
93.96901318917104,74.29072295794484,19.6782902312262
83.71043770667553,79.01078258913391,4.699655117541624
79.79984375099583,81.16941302768628,-1.3695692766904415
66.7941612359416,69.75561013858609,-2.9614489026444915
79.69759070566174,77.68552084879268,2.0120698568690614
67.98375026133883,73.07629911410216,-5.092548852763329
79.69723688154224,77.59057371330553,2.1066631682367074
91.74300259224457,81.17905198286199,10.563950609382573
87.729814716805,85.84427397173302,1.885540745071978
67.03693241420996,71.17598702277752,-4.139054608567562
79.97479686476726,75.69680642258751,4.277990442179743
80.52687374333829,78.28411972545379,2.2427540178844936
90.84875660366323,84.81682187272898,6.031934730934253
67.07942688124601,74.84530911983687,-7.765882238590862
73.54725278195365,74.11939565230333,-0.5721428703496798
64.10745828079108,82.15721801836776,-18.04975973757668
79.4339400188436,76.95402896176739,2.479911057076208
98.84375583052464,86.1179606060422,12.72579522448244
72.90001308549733,73.26775368247958,-0.3677405969822445
76.02914066511265,73.68007852985492,2.349062135257725
84.14477565753458,77.61946803433544,6.52530762319914
88.18798288874092,86.02137820426347,2.1666046844774485
74.21279954858755,68.22495260159641,5.987846946991141
62.10081682491416,69.42209387155688,-7.32127704664272
70.85054315416828,75.03336245625616,-4.1828193020878786
68.47209102942111,69.59784875559514,-1.1257577261740295
76.6924442373786,76.52291336448276,0.1695308728958338
78.7638220110429,86.57534526169563,-7.811523250652726
53.263278,64.03406141951648,-10.770783419516476
60.71934920375879,69.99143891493223,-9.272089711173443
55.91146449831489,71.29152056667013,-15.380056068355238
85.41069864494588,79.36578250112883,6.044916143817048
69.6945060708133,72.73541322366817,-3.040907152854871
91.40836469204442,72.6801929901135,18.72817170193092
74.06206156655969,84.26252228623008,-10.200460719670389
87.36519026546958,75.9104905826555,11.45469968281408
71.94351918783443,74.14383298205526,-2.2003137942208326
70.72099946849724,75.575311826423,-4.854312357925764
88.80811436635133,79.3376445010329,9.470469865318435
71.87020792589666,84.04351341649243,-12.173305490595766
76.45001450031418,69.41769460223284,7.03231989808134
82.73021156643016,82.46794679030695,0.2622647761232031
77.79518407310698,78.89618925913533,-1.1010051860283454
73.19929882793122,70.4630587164455,2.7362401114857136
75.14214058076215,86.03928807116594,-10.897147490403796
67.18501619271598,66.8939513507608,0.29106484195517623
71.75136050151936,75.73815992904251,-3.9867994275231524
64.0769676381083,71.17190732397187,-7.094939685863565
78.21271299674177,74.71815847671611,3.494554520025659
88.34717989566684,78.4396257016495,9.907554194017337
67.55520096055443,71.16754937068596,-3.6123484101315313
89.38342461177355,79.47478459015502,9.908640021618524
76.19184594798904,76.81144266433078,-0.6195967163417464
72.15461597378972,74.19017769097562,-2.0355617171858995
82.82481432624198,74.49482404751947,8.329990278722505
66.15000122161268,72.85711191880914,-6.707110697196455
75.29980137576236,80.03034852946459,-4.730547153702233
73.11847020926952,67.79410427315347,5.3243659361160525
53.263278,71.84044256449995,-18.577164564499952
80.9975799394767,73.526565339906,7.471014599570694
61.33999490475851,71.5586000800893,-10.218605175330794
88.16467105898977,82.67922241697788,5.485448642011889
89.96406418213438,84.6847881973566,5.279275984777783
69.23770031271924,75.32282014789283,-6.085119835173586
59.631889461857526,80.34653168164053,-20.714642219783002
84.79660224423982,88.22202258390008,-3.4254203396602634
74.35381869412483,74.91350835163,-0.5596896575051744
65.85012960188142,83.73289661092424,-17.882767009042823
70.94592101991542,73.98520327673276,-3.0392822568173443
65.15702635208137,71.04711957305366,-5.89009322097229
85.65825534223995,81.2928393721219,4.36541597011805
71.59494171654234,67.76199503332629,3.8329466832160506
67.44994385267421,70.56301025870813,-3.113066406033923
77.3149844492357,72.30257283106468,5.012411618171015
97.77348781754034,84.22587019352028,13.547617624020063
86.98167131939971,70.7087583568983,16.272912962501408
78.69971610237657,83.37043979528379,-4.670723692907217
67.21442537367095,70.73514621731331,-3.5207208436423656
85.43330464899245,75.87891843179563,9.554386217196821
72.83769094308931,78.91679067354795,-6.079099730458637
72.43988102140506,68.78932252773548,3.6505584936695783
70.76654655668561,79.15255342777638,-8.386006871090771
82.97682702420613,82.43868670775556,0.5381403164505656
74.24422105290891,81.99943690508692,-7.7552158521780115
74.84384965506081,74.29576424039345,0.548085414667355
80.9720084854186,74.5948568337411,6.377151651677494
90.3258779872638,85.63337503983378,4.692502947430015
98.30249315883948,78.18009858407373,20.12239457476575
75.56573702355216,78.43025765070469,-2.8645206271525296
70.38183822888483,70.64395324497931,-0.2621150160944836
74.83498215492543,64.45754297941158,10.377439175513842
53.263278,65.26606437623194,-12.002786376231938
72.856491344898,79.54866946628772,-6.692178121389716
81.88823468771095,80.86821859061816,1.0200160970927925
78.65967526110397,80.02659529967039,-1.3669200385664197
85.9897242826771,81.45802673066643,4.5316975520106695
78.62230983563205,73.93503866993557,4.687271165696487
91.41797020986058,86.93455125169687,4.4834189581637105
76.84322747028789,79.79230288114691,-2.949075410859024
83.03498777898632,79.25407720652137,3.780910572464947
89.63251802091851,87.85415240282721,1.7783656180913
78.6826512348484,73.03798356441752,5.644667670430877
81.51851629194611,82.44920589524872,-0.9306896033026106
81.72374134339096,82.69669023329111,-0.9729488899001524
73.25681014128338,76.13958758111191,-2.88277743982853
89.57647867063457,75.25077743267376,14.325701237960814
70.36344052446341,73.31452074145658,-2.9510802169931623
72.79751943176964,77.30367155400317,-4.50615212223353
74.8678736943382,80.29295100748483,-5.42507731314663
60.332324364883256,70.17249312624146,-9.840168761358207
82.71158421585233,76.43141713277026,6.280167083082063
98.76175414998474,85.98296882174479,12.778785328239948
78.699772811828,82.99526428704118,-4.295491475213183
86.66909405376278,84.56907796271747,2.1000160910453047
67.17457319395716,73.58273784770554,-6.408164653748386
74.95950368092542,72.3501577492091,2.6093459317163195
85.50170649618603,79.80611768418954,5.695588811996487
77.82769099684243,70.72467719070045,7.103013806141988
82.98023743479985,78.71833051402828,4.261906920771565
77.33732788013316,80.89359963615084,-3.5562717560176793
77.4037224134353,69.32601583374888,8.07770657968642
69.38855913819584,72.4132661153706,-3.024706977174759
59.616990116234696,73.20344922921383,-13.586459112979135
74.8435169246366,72.36675295407937,2.4767639705572293
79.4966013466813,81.32588212265657,-1.8292807759752634
73.90215000426166,67.23641832438965,6.66573167987201
72.19839278880619,73.0001272857634,-0.8017344969572093
75.32452541493296,74.6043165153804,0.72020889955256
66.86627962139106,64.55607198582915,2.310207635561909
67.78517571961163,74.96849668193049,-7.183320962318859
74.17305111478906,68.4418403289455,5.731210785843558
77.19323771459804,73.38595816584588,3.807279548752163
67.28184224929376,69.36214083154238,-2.0802985822486164
99.20112,83.24511816418588,15.95600183581412
70.53600589636218,67.90233198129418,2.6336739150680017
78.11082182844528,75.95095435688975,2.159867471555529
70.0599509017681,75.61700711413184,-5.557056212363733
73.34607806611344,74.78262445077748,-1.436546384664041
72.1429192398008,71.40550856475211,0.7374106750486931
68.40194018772578,69.93241313355252,-1.5304729458267303
53.26327834004948,67.32932977530517,-14.066051435255687
85.13385609164183,80.48949891635621,4.64435717528562
71.33333841600492,70.55853906942649,0.7747993465784333
68.56853427111925,71.96429328842288,-3.3957590173036323
66.35765030838496,70.61872354093744,-4.2610732325524765
60.72296606949064,66.74646720449105,-6.023501135000416
76.85049076830686,77.1684830638605,-0.31799229555365116
77.09001415251021,81.57995717685507,-4.489943024344868
77.2256507949142,81.29338388814053,-4.067733093226323
70.06946028805963,74.85557405497704,-4.78611376691741
92.04431325530577,85.53993930287143,6.504373952434335
96.78109218265882,76.11120422180933,20.669887960849493
63.75245051589548,73.18623709922467,-9.433786583329187
69.21649263992082,79.62041722223988,-10.403924582319064
79.55821443033956,81.89083895337083,-2.3326245230312708
79.16418646600803,80.24258197929765,-1.078395513289621
84.12873325084495,75.5633525136432,8.56538073720175
99.20112,77.09906476250663,22.102055237493374
88.51347082515603,85.3878279121456,3.125642913010438
80.39129503611375,85.49652341779168,-5.105228381677932
84.64369994038528,71.31101740191153,13.332682538473748
74.11456005939908,76.09228654360155,-1.9777264842024636
84.58927272583419,85.58449420396602,-0.9952214781318247
79.72428614261031,80.4495110732307,-0.7252249306203851
70.27034396971443,79.83812890252385,-9.567784932809417
69.5835522204324,69.94123987653084,-0.35768765609844877
88.16027067688053,85.55753897693344,2.6027316999470855
56.89133676742404,69.77153654937337,-12.880199781949322
75.46312163239496,75.6279510411489,-0.16482940875394547
70.33622723529508,73.20545785168028,-2.8692306163851953
81.44077080505377,84.50820367957927,-3.067432874525494
82.30042003226585,79.77694968632578,2.523470345940069
61.43605096672086,69.83451402409783,-8.398463057376965
77.66773981239143,82.15089863621003,-4.483158823818599
72.25847392359405,68.16646376721614,4.09201015637791
73.9430713584561,66.11288635167493,7.830185006781164
77.76876946613743,72.65757903874533,5.111190427392103
76.73768631844267,79.33919973350565,-2.601513415062982
73.11059785791674,71.71464840750835,1.395949450408395
61.87727445279283,74.9243087428852,-13.04703429009237
84.28333612203376,76.08251400228417,8.200822119749589
69.54695644100694,72.23346219794186,-2.6865057569349204
99.20112,81.73772722862503,17.46339277137497
73.45293820187098,82.05833224754149,-8.605394045670508
81.2718111293399,67.74176672086307,13.530044408476826
74.33393532360886,74.20647294408765,0.1274623795212051
78.918440760351,85.63466919079647,-6.716228430445469
71.87481433506996,77.7445842046604,-5.869769869590442
74.84338094009375,72.67458272911709,2.168798210976661
60.34470144129328,64.89211419632525,-4.547412755031971
71.52931047395766,76.99835293976801,-5.469042465810347
88.20339241027273,76.47096458878315,11.73242782148958
68.08440201846574,71.76922593460901,-3.684823916143273
71.37669556558828,76.71463269729409,-5.337937131705814
90.23787055408236,83.27202308082234,6.965847473260027
86.71559756482247,81.50766491424515,5.20793265057732
83.45804939133072,74.61577670393824,8.84227268739248
76.67235779475257,74.62146747757893,2.0508903171736392
85.08687388124561,75.26960064114824,9.817273240097364
63.05030171816013,74.70647911829026,-11.656177400130133
76.64560663016253,70.48233256390651,6.163274066256022
91.54832035991622,87.91134288474215,3.6369774751740636
77.72504272554569,75.38083931652861,2.3442034090170836
76.65273042476105,78.93090389436435,-2.2781734696033027
81.67827372464158,71.57962025043962,10.098653474201967
90.91230039911704,82.39879893901796,8.513501460099079
62.95025497941604,73.50967909824438,-10.559424118828339
75.63418133249431,82.19985727509574,-6.56567594260143
76.65420850037307,72.08706443080324,4.567144069569835
78.53557095611578,73.75561239891758,4.779958557198199
80.3582244185536,69.52466561464055,10.83355880391305
64.39053222169059,66.73547172838124,-2.3449395066906504
78.95799218315953,68.56749521617823,10.390496966981303
75.16764242469239,80.36834154592064,-5.200699121228254
71.21791991345734,70.7374502295471,0.48046968391024336
67.72234308575167,69.5528645816922,-1.8305214959405305
77.77961444149737,73.51643646448169,4.263177977015687
76.10020449059655,73.3373386222179,2.762865868378654
77.12472697378813,71.79775544408628,5.326971529701851
88.21238718682275,79.58890173263391,8.623485454188838
83.93253944197747,77.93408216339995,5.9984572785775185
75.64209984624547,75.59872161137788,0.04337823486758907
69.88616234914855,73.85903628329046,-3.9728739341419157
73.04440950927156,76.38986655838058,-3.345457049109015
69.83171357308154,72.98284321849145,-3.1511296454099096
68.49891727822094,74.27509012593272,-5.776172847711777
70.28576213853393,69.22512857246055,1.0606335660733777
78.93128727518928,68.20278106604617,10.728506209143106
79.19374846064866,71.58895787608706,7.604790584561599
73.49299509599125,80.04847524172081,-6.555480145729561
73.70117640528908,75.89492978664649,-2.1937533813574106
69.53979585772127,74.2356537902679,-4.69585793254663
79.72977771937123,87.41001385887608,-7.680236139504856
66.20209750906106,72.49779686982872,-6.295699360767657
85.65349008654188,82.71594302677524,2.9375470597666435
86.55059850127053,85.08797408652778,1.4626244147427485
79.49779512537728,80.41917287750584,-0.9213777521285635
69.980899727324,72.33168568311926,-2.35078595579526
86.64900108138742,78.94641321802565,7.702587863361771
79.68546683354299,84.84976703525697,-5.164300201713985
72.65402027816725,67.55359336247747,5.100426915689781
71.40115269753504,74.942047628614,-3.5408949310789666
83.02184685736826,72.00507239457826,11.016774462789996
68.33142349404177,70.87330476795033,-2.541881273908558
94.62023821457578,81.2210640271153,13.399174187460474
91.10490501691278,74.75061894838447,16.35428606852831
76.87849678350469,73.88207260410493,2.996424179399753
56.61697410600824,70.8911975140531,-14.274223408044861
81.33467113882199,72.31517969951028,9.019491439311707
77.51805130415416,74.82963624395873,2.6884150601954246
64.66233881394002,71.92390523363788,-7.261566419697857
74.3667568969462,77.37403348458683,-3.007276587640632
70.22461753933254,73.96266710262242,-3.738049563289877
79.20000602041392,72.76274801073149,6.437258009682438
82.2988006202536,79.94864187244917,2.3501587478044286
85.96707273175667,76.63796388105872,9.32910885069795
70.80813890501668,68.44465930606104,2.363479598955635
67.15058390464189,73.01837005308673,-5.867786148444836
69.26547570063022,70.37189282362844,-1.1064171229982236
71.68613113811514,71.75658048642056,-0.07044934830541649
66.57731967729397,73.30920776958328,-6.73188809228931
78.9122501589774,80.78981788365303,-1.8775677246756288
88.21754299475016,84.33106010642204,3.8864828883281177
76.5028152489544,73.99411288285174,2.5087023661026677
86.64692164178189,82.38517257377222,4.261749068009664
70.23880499853406,77.82392551273034,-7.5851205141962765
81.2023184726305,74.6490403797341,6.553278092896392
92.67916531118304,82.52570816323977,10.153457147943271
70.5195654977367,82.06384231416004,-11.544276816423334
85.86267588016274,75.5959725623779,10.266703317784845
64.26831648274816,68.29897752555493,-4.03066104280677
75.36415505838373,82.8207207269369,-7.456565668553168
89.50707092353817,81.78480207415137,7.7222688493867935
69.95216457588332,62.48132090354884,7.470843672334475
76.02702133373006,68.66962624244357,7.357395091286492
62.71578034933657,78.95914064612295,-16.243360296786378
73.2646662938741,76.92366725548528,-3.6590009616111843
76.73018892038547,81.82288311678347,-5.092694196398
71.20227041604656,80.9051881473124,-9.702917731265842
78.20686865316834,71.40155261080842,6.8053160423599195
71.85136903241968,71.44263011852344,0.4087389138962436
69.39736358249118,74.82118649404993,-5.423822911558744
76.7935097043183,84.71701620252725,-7.923506498208951
62.90256674535729,70.1106939840171,-7.208127238659813
81.03951135077227,76.44594215675878,4.593569194013497
73.18013957149952,64.24499492924156,8.935144642257967
87.27199642465618,88.41512802118335,-1.1431315965271693
73.02469168716807,71.99732859122923,1.0273630959388385
77.44150774680429,74.37351290488886,3.0679948419154357
86.17291604807228,77.54051818051717,8.632397867555113
77.3224086699197,86.4270223848106,-9.104613714890903
72.72756151485555,70.63642688162092,2.0911346332346312
88.65743248629632,79.01249092644541,9.644941559850906
83.97711805409295,76.37527310412179,7.601844949971166
84.92412741441716,84.6272061254852,0.296921288931955
86.82777649049372,86.58782172181778,0.23995476867594334
77.45296107402339,72.97535101028421,4.477610063739178
74.7358732121601,70.16854701311782,4.567326199042284
63.42704816097284,70.80323417755476,-7.376186016581919
99.20112,82.06055073364645,17.140569266353552
73.70147658568817,77.49673185684472,-3.795255271156549
73.84833852837247,84.179202391301,-10.330863862928538
85.56895237938771,81.25624066100417,4.3127117183835395
87.84568537944955,72.1396903319406,15.70599504750895
69.83308921847974,77.3746563721323,-7.541567153652565
77.94922855189351,84.19320106624052,-6.243972514347007
80.83397408987982,67.83782853023789,12.996145559641931
66.86258536277661,74.71953050008598,-7.856945137309367
71.96975177678739,75.3503455944495,-3.3805938176621027
61.597544876407234,80.57301735503542,-18.975472478628184
72.64736510455955,74.23261063209426,-1.5852455275347097
64.20064426898698,73.52572976712369,-9.325085498136716
82.8418925017416,82.3874974637764,0.45439503796519887
79.41256639930909,75.54559784477965,3.8669685545294357
77.32146457032263,75.83873328108078,1.4827312892418547
77.72131462749087,73.42214925599811,4.299165371492762
68.33714852549286,73.64567436752674,-5.308525842033873
71.58904117203966,78.9600681722422,-7.371027000202545
55.54233070898415,74.67778159526338,-19.13545088627923
82.06070942052006,70.81467589021342,11.246033530306633
71.29960617002,76.09360572029678,-4.79399955027678
64.963183670906,71.74588738537305,-6.782703714467047
76.60029519800766,73.9650181149187,2.635277083088951
73.84214797990975,83.44101656336655,-9.598868583456792
79.26536883076606,74.55815556251066,4.707213268255401
72.98973882887582,81.25993727981205,-8.270198450936235
81.98052607421745,85.98349785974148,-4.002971785524025
53.263278,67.50833953815703,-14.245061538157032
75.3420352254168,72.23389021888094,3.1081450065358496
86.41360832759449,84.1882879632857,2.2253203643087858
69.92365206397739,74.98519889218778,-5.061546828210396
72.88545155144065,77.75977864801887,-4.874327096578213
90.72199425398966,79.43121920825833,11.290775045731337
72.01774299937013,69.42977940326708,2.5879635961030516
93.19578204155604,87.67868389820023,5.51709814335581
86.32516881485017,85.09320385329983,1.2319649615503465
75.68715183653565,75.43230623162522,0.25484560491042885
80.50928718786646,75.46351036469325,5.045776823173213
97.3168856840979,67.15356532835627,30.163320355741632
73.43830219454055,72.12603747900395,1.3122647155365996
77.65245994651423,72.6149435581023,5.03751638841193
72.27349524825212,69.94267157196562,2.3308236762864993
94.86816962882924,80.16317671146435,14.70499291736489
99.20112,85.73226983593845,13.46885016406155
82.84268945740772,68.29610673574366,14.546582721664052
56.51695673958868,69.73306662463519,-13.216109885046507
78.47082712167264,74.68898782146111,3.78183930021153
75.65001746965481,81.78177899459374,-6.1317615249389235
79.4951903896798,69.42014794447279,10.075042445207018
69.89870777966506,75.59977552856698,-5.70106774890192
81.75997457867696,79.5656593436538,2.1943152350231543
83.06154577499889,80.99357068938109,2.067975085617803
93.84877160784151,76.52631460403526,17.32245700380625
81.26777861557825,82.74164643986136,-1.4738678242831043
71.75454731969201,79.32026942751584,-7.565722107823831
90.54017506589912,88.19500094242855,2.3451741234705707
73.48595696556565,71.63235423842454,1.8536027271411086
64.04576014798012,72.43618096559102,-8.390420817610902
77.52695521346877,80.96151940436658,-3.4345641908978166
66.96006487143163,73.06975254855622,-6.109687677124597
71.31149601141918,85.35249614901205,-14.041000137592874
69.92659800140636,76.5101840738289,-6.583586072422534
68.55360872098069,71.84332627368184,-3.2897175527011484
70.20588088782142,68.09891488096316,2.106966006858258
67.42856121374454,69.76515675517186,-2.3365955414273145
72.87244263642421,73.1098536978289,-0.2374110614046856
82.86476952335126,79.45437854318158,3.41039098016968
79.90532602935869,85.39304008711709,-5.487714057758396
67.37831098043826,78.52425786437206,-11.145946883933803
79.43030091050638,77.93539668707733,1.494904223429046
86.68371469176654,75.91976468726715,10.763950004499392
87.1182525992067,84.58580774339624,2.5324448558104535
73.06372691957593,70.80692962832796,2.2567972912479632
77.0590435420815,77.093772998177,-0.03472945609550493
77.85891800441948,74.07889352095218,3.780024483467301
95.3719427473939,87.83655516281475,7.535387584579155
78.9790545188001,81.40225859271098,-2.423204073910881
78.34491382083266,73.6593881383406,4.685525682492056
72.59865350688159,73.62340463992358,-1.0247511330419883
76.7162449831054,79.21317905899622,-2.4969340758908203
93.16887688788825,87.2005535280247,5.968323359863547
72.42705565526043,77.48468005039143,-5.0576243951310005
71.54282748274463,67.61727664118466,3.925550841559968
67.43363754920097,65.66890373995997,1.7647338092409939
83.87316362102655,78.87511204553424,4.998051575492312
62.97590486535967,82.26684093118347,-19.2909360658238
62.92137302442737,68.49796640987064,-5.5765933854432745
86.91149918133704,84.38810013647041,2.523399044866622
87.04492595262995,73.67391421723839,13.371011735391562
67.57604255555344,71.96336960912761,-4.387327053574168
64.87139371486057,70.95674586069352,-6.0853521458329425
82.19581856548055,71.17187024694269,11.023948318537862
53.263278,65.43171152084491,-12.168433520844914
90.11450876322525,85.07676945010576,5.037739313119488
87.74983171274005,79.16735667907997,8.582475033660074
67.22109967935921,67.39605842754246,-0.17495874818324353
80.61450465961641,82.27708313437516,-1.662578474758746
84.25852984090778,89.335205838572,-5.076675997664211
73.05025239553935,68.75040211104552,4.299850284493829
92.74684475204316,90.28812612993194,2.4587186221112205
95.03663996268465,73.74242731734218,21.29421264534247
67.39138576705781,73.32198040698212,-5.930594639924308
78.29915750159151,78.58890019421412,-0.2897426926226103
87.94528780306932,87.5730068357354,0.37228096733392135
89.10913858582384,83.84417722403988,5.264961361783961
83.44166789551957,77.16514949300378,6.276518402515791
60.62787058072347,78.4610032835491,-17.833132702825637
71.61839891824991,68.35879924775078,3.259599670499128
62.00189386466329,67.92177359666353,-5.91987973200024
72.26536172669398,70.87753565317033,1.3878260735236552
68.95992932095538,75.22215575350353,-6.262226432548147
59.54645299785877,76.55778328449082,-17.011330286632052
76.76713705132951,65.13644598095998,11.630691070369537
70.17027035788999,69.98907731983999,0.1811930380499973
74.96704988044884,72.82336537875548,2.1436845016933574
73.54750090527052,72.30574838183388,1.241752523436645
88.68436418642132,83.96148223621,4.722881950211317
76.190127670184,75.588624732388,0.6015029377959991
67.80754950018792,73.10269495999599,-5.295145459808069
74.63793259224431,71.9469764731342,2.690956119110112
87.17029521230282,75.20532727813848,11.964967934164335
69.3637395872637,73.23714792600248,-3.873408338738784
65.00445291275383,76.84793364996547,-11.843480737211635
86.20180691037002,77.84723092837011,8.354575981999915
78.04658547607872,80.03237262180875,-1.9857871457300291
70.803880300681,76.91659271594479,-6.112712415263786
70.99313915575654,75.87849986185257,-4.885360706096037
90.9073874642255,83.53382159514204,7.37356586908345
80.01859200003511,69.39466214257064,10.623929857464475
69.618131282172,71.3809930434629,-1.7628617612908926
71.59992847144785,74.69089185937915,-3.0909633879312963
82.99308541890909,83.21293725887132,-0.21985183996223157
66.34804140531885,80.52962836669059,-14.181586961371735
76.93645309620132,72.96256451802125,3.973888578180066
75.4135390759487,75.27525588542282,0.13828319052588256
60.87176599889578,70.6494363738817,-9.777670374985917
66.23428733024805,71.62186637379108,-5.3875790435430275
65.40114856547879,74.63607337700033,-9.234924811521537
82.78957354567845,83.52560451767046,-0.7360309719920082
82.59776720138095,83.43108252563732,-0.8333153242563753
64.76541963407972,72.15058492911922,-7.385165295039499
73.64655340251373,76.5441208937036,-2.897567491189875
55.82712420433028,82.93204824937582,-27.104924045045543
78.28652837883581,76.32865817184772,1.9578702069880904
73.87268434697955,70.67883346783901,3.193850879140541
66.0388839524062,74.57346949869219,-8.534585546285996
77.12419833394712,78.30544481127738,-1.1812464773302622
77.27539743107052,77.8633953610222,-0.5879979299516833
77.62865943025348,78.58960354444966,-0.960944114196181
66.6835001934382,75.81631170482284,-9.13281151138463
67.96312722243411,80.03943687133635,-12.076309648902239
81.63663426790637,88.88508943624123,-7.248455168334857
85.51524901263474,75.50978045154277,10.005468561091973
84.778519634354,73.44821020365,11.330309430703991
76.68183997746894,84.2377935350209,-7.555953557551959
63.92527989934442,74.46361196198671,-10.538332062642297
96.6361343576422,76.44544668812975,20.190687669512457
62.79875278551281,78.3029278725055,-15.504175086992696
84.98350811204651,83.74951713504915,1.2339909769973616
81.1090189124048,85.91393422604469,-4.8049153136398814
86.7373135959226,81.54830634382935,5.189007252093248
73.17124311865646,76.72543591337904,-3.5541927947225815
89.12752305236427,84.47591794667915,4.651605105685121
76.04616553422203,65.8987692407175,10.147396293504528
72.97899309283271,72.7289327584019,0.2500603344308132
77.91129576212329,74.9875796077117,2.9237161544115935
70.04635518586272,74.82742919696307,-4.781074011100344
74.38584177276229,74.75653657742045,-0.3706948046581573
63.41646559857098,68.646882292384,-5.2304166938130265
69.23100378261557,71.42238188021409,-2.191378097598516
79.30832862469735,84.87951676396719,-5.571188139269836
77.59875864679428,70.88256300988861,6.716195636905667
89.5470133066382,74.69221809718651,14.854795209451694
70.97033275219684,76.56088256752864,-5.590549815331798
82.49632388751793,79.71006356290712,2.786260324610808
77.12321186368933,73.08364927066573,4.039562593023604
84.06356894105645,81.84003761892377,2.223531322132672
77.28670274623593,75.0863854780462,2.2003172681897354
75.69639299898678,75.45840769284247,0.23798530614431002
79.61369858422188,74.95675922367747,4.656939360544413
85.32009032337558,85.47960814841647,-0.1595178250408935
56.57886221858415,80.82546563125915,-24.246603412675
68.73969279550704,68.01087515391534,0.7288176415917036
81.91204080431203,84.0509250013302,-2.1388841970181716
80.20604150306539,72.73217852604421,7.473862977021184
99.20112,87.92660970907544,11.274510290924567
73.05780673555262,75.8824895270923,-2.8246827915396864
88.08007350698334,81.9678349480896,6.112238558893736
76.37434527048943,76.44455250495042,-0.07020723446099453
74.9261348280947,73.8613212357635,1.0648135923312054
74.62701974045702,83.88035072693177,-9.25333098647475
83.33286953972123,78.22751755145443,5.105351988266804
84.62004897560371,74.12196664897061,10.498082326633096
62.863458827698935,68.22103628258813,-5.357577454889196
77.21726257918638,69.11063103992193,8.106631539264455
76.87445075421458,76.89326453418454,-0.018813779969960365
95.34833483596115,88.71790978252749,6.630425053433669
76.04684536217393,76.6585101140413,-0.6116647518673801
78.82764107577204,76.70953737162638,2.1181037041456534
63.78400085489688,74.98178418116984,-11.197783326272962
81.10902374680616,71.25344646636998,9.85557728043618
83.30176063752583,74.70667652446828,8.595084113057553
83.95704997280212,76.42279341018747,7.534256562614658
58.69120140104217,74.12623581227741,-15.435034411235243
84.8168675525337,72.29950345868366,12.517364093850034
82.48245339919673,75.52042263872308,6.962030760473652
77.97886703850463,72.36081300700845,5.618054031496186
79.36149016352402,80.8503047029408,-1.4888145394167793
79.50426370504839,82.18631203571267,-2.682048330664287
92.07610762044744,76.8301898871598,15.24591773328764
85.72914476998268,83.02494253378218,2.7042022362005014
77.63367704299199,84.96315407184186,-7.329477028849865
76.74886744332281,77.50267515859291,-0.7538077152700993
63.38994322259185,75.81181868057821,-12.42187545798636
76.23282355072078,81.67861691195093,-5.445793361230145
66.39250261579593,65.06537053661413,1.3271320791818084
57.33801442981587,80.56385377028612,-23.225839340470245
65.20510376609658,78.88309249705038,-13.6779887309538
75.86287149795348,83.88176539798143,-8.018893900027948
84.53555680253871,80.23186226313847,4.30369453940024
69.84644934130478,74.42788848916118,-4.5814391478564005
65.66715016157357,74.10555526467094,-8.438405103097367
87.51880621731462,81.77096936941217,5.747836847902448
75.74823226548786,81.33178260023826,-5.583550334750399
71.72043318222806,74.00617417570085,-2.2857409934727855
70.47706636609819,87.74955123079764,-17.27248486469945
70.5201558422684,72.6087927012639,-2.0886368589955
54.30174641096504,72.47915606500577,-18.17740965404073
87.43393387115022,76.55262666289913,10.881307208251087
78.06546155518397,81.52400858722244,-3.4585470320384673
70.70857650828711,73.80659922712829,-3.098022718841179
80.8165440445742,81.19741081875942,-0.38086677418522186
87.14197833127292,73.81401383196243,13.327964499310497
69.93222908063083,64.3327354103855,5.599493670245337
85.84123864179138,80.97628586147542,4.86495278031596
64.29888668115885,86.29083216232374,-21.99194548116489
77.28859716843226,67.3865128682222,9.902084300210063
66.17089233871003,81.31267776472991,-15.14178542601988
68.62115248859212,71.2600014115912,-2.638848922999088
91.95405034118808,79.01249795237608,12.941552388812
75.64668454750125,78.92772709605629,-3.2810425485550354
94.78974906923884,88.80242680627993,5.987322262958912
56.28732567281287,68.67818161461258,-12.390855941799714
90.98147610427824,84.52217063625169,6.459305468026557
89.84156622826538,74.8065358872927,15.035030340972682
98.4284686559324,88.92668427867058,9.501784377261828
76.35534082769314,70.99404708071407,5.361293746979072
67.63492445555734,80.39455036681694,-12.759625911259604
72.86765485525521,77.24295882794699,-4.375303972691782
88.60448236764876,78.72851476251913,9.875967605129631
79.78125279991515,81.22271414042481,-1.4414613405096617
72.3938597013158,83.66292233799521,-11.269062636679408
76.87191752987528,71.57874828534483,5.293169244530446
85.85508049237846,80.31841396402315,5.536666528355312
83.28285404727737,81.29406068738628,1.9887933598910905
75.67917130358867,72.76600035468346,2.9131709489052184
79.43066751570312,69.70833775397637,9.722329761726755
91.62295101595932,87.94303199392309,3.6799190220362306
79.51756990924574,81.78704983373242,-2.2694799244866886
82.9361213038981,88.31534436860973,-5.379223064711624
92.64312702142016,85.10650139785577,7.53662562356439
82.90580167943963,84.81091104763306,-1.905109368193422
77.1128879244627,82.4477299116073,-5.3348419871446
86.16735899541574,79.25068139423409,6.916677601181647
64.88774390535809,71.46554151486718,-6.577797609509091
75.08175052769735,71.97824664727574,3.103503880421613
67.94244440384651,71.07007888528197,-3.1276344814354644
76.35641844307433,80.56515942125633,-4.208740978181993
79.80292356872671,68.09555867471387,11.70736489401284
69.26333043019655,75.32538211188835,-6.062051681691798
56.39251758622343,75.6997223525149,-19.30720476629147
79.94511546453992,84.49896798065672,-4.553852516116791
72.01059377802025,74.89805434075363,-2.8874605627333807
75.18282328680533,71.0665012061622,4.11632208064313
72.56314591702271,69.45667079691498,3.1064751201077314
76.72698881377558,74.35729407810258,2.3696947356729936
64.09577006943677,71.85575417458911,-7.759984105152341
72.48952599627646,83.43633855607436,-10.946812559797905
84.3873644119478,81.98834782745108,2.399016584496721
86.13804177699438,78.18910487453259,7.948936902461796
85.02438724609888,79.65063814360143,5.373749102497456
82.23355570642211,86.7886248398631,-4.555069133440995
74.98337104844465,70.29484121439903,4.6885298340456245
75.3476959098668,81.68609501065075,-6.3383991007839455
67.2160954151652,76.74975160658398,-9.533656191418785
53.263278,72.40447356036525,-19.141195560365247
90.16681396476292,81.17439942662989,8.992414538133033
81.9854999896239,72.78581131622695,9.199688673396949
80.5143962201336,81.11830028206234,-0.6039040619287306
90.46464619913776,80.94494433343637,9.519701865701393
83.78843868251245,84.68693307770951,-0.8984943951970621
77.1941932078873,73.0531066657084,4.141086542178897
77.87735931929247,72.75348519535306,5.123874123939402
80.73328792681657,81.90578498349076,-1.1724970566741888
78.61485226386954,82.18580235328074,-3.5709500894111983
79.3768851622435,75.91323449676085,3.463650665482646
99.20112,84.72327199284857,14.477848007151437
90.64522342244084,88.5432834846629,2.101939937777942
82.07757940317406,81.62264556811398,0.4549338350600749
84.48897554007209,85.15901114164893,-0.670035601576842
73.31660284212917,81.92269138396438,-8.606088541835206
79.82638194547039,66.37779484827256,13.44858709719783
73.99983940485824,80.82241582982009,-6.822576424961852
78.30431709993975,72.3345508496663,5.969766250273452
67.80192844905321,77.3315118865269,-9.52958343747369
92.59069914119968,84.76327116671187,7.827427974487804
70.06733790358979,75.16883981645795,-5.101501912868159
87.38356314444805,87.7927454263843,-0.4091822819362534
77.66781619693315,68.71826229836172,8.949553898571423
79.49105826230209,74.16860135258754,5.322456909714546
72.03796017634649,68.38189886411008,3.656061312236403
72.4280664579836,84.71962719338953,-12.291560735405923
80.21749359043592,75.85989551614612,4.357598074289797
71.58316625639407,75.05135121304009,-3.468184956646027
87.07156753461592,70.62291176765208,16.44865576696384
76.12150311261382,77.73984766947767,-1.6183445568638462
62.93310442223021,75.74364251553017,-12.81053809329996
82.09289632172379,80.91133099435417,1.1815653273696114
75.26679366638521,81.09311061807885,-5.8263169516936415
71.53539589665067,71.77390868218065,-0.23851278552997712
68.69847264566006,74.9311257218399,-6.232653076179844
82.53578957411054,74.49079202396476,8.04499755014578
62.51746096435169,70.27145713358001,-7.753996169228323
76.41940353111582,69.83530439030142,6.584099140814402
76.42451554238328,74.7404688646538,1.6840466777294694
85.11330760545283,88.4364839680346,-3.323176362581762
76.65072955557716,78.74393464111901,-2.093205085541854
77.2984428305384,70.20972244105107,7.088720389487335
76.94957687738594,74.89081468637424,2.058762191011695
71.2838488791653,74.5304081217425,-3.2465592425771916
53.263278,69.53710584752204,-16.273827847522043
65.4106623314997,72.90912290519077,-7.4984605736910765
66.13336512373758,72.97477495596863,-6.841409832231051
77.49949709807888,82.7160944383732,-5.216597340294328
65.54810150447838,74.76888682242958,-9.220785317951197
73.20578305573105,79.41263473519733,-6.206851679466283
75.55758903051607,70.38003623566485,5.177552794851223
84.01478501354654,80.06067719195666,3.9541078215898864
74.82421962746952,67.35922457904344,7.464995048426076
77.68019342588387,86.82482724582495,-9.144633819941077
84.66003563665586,84.54706486330089,0.11297077335497363
77.3826694378817,68.47610877533448,8.906560662547221
77.45718314690801,80.44172102260389,-2.984537875695878
73.05294663707278,77.56185516686061,-4.508908529787831
70.41756971578117,69.69289148979142,0.7246782259897486
97.01617259546828,79.343890240744,17.672282354724274
86.74374916782214,77.92785315371451,8.815896014107636
87.79268634679283,83.42675560557716,4.365930741215678
95.30542792666624,83.46350361547628,11.841924311189956
75.64933315351234,77.97997776961776,-2.330644616105417
69.59408592808344,70.54899407848802,-0.9549081504045773
66.87036674898104,69.34579479838685,-2.4754280494058065
76.26071511837159,81.02787197529794,-4.7671568569263485
89.98498901081345,74.42028380743018,15.56470520338327
90.72509867918768,82.82583075926449,7.89926791992319
67.77437717850422,75.40239960039324,-7.628022421889014
71.57948731972151,74.12374544927668,-2.5442581295551747
79.60206955029179,74.23652838324422,5.365541167047567
69.12700153290595,73.03263329265336,-3.9056317597474077
84.11234826372383,80.7604892854372,3.3518589782866286
81.94816795735979,86.19702119474081,-4.248853237381027
71.72453752000078,73.56042691377506,-1.8358893937742806
78.86081838302682,75.55754278133209,3.303275601694736
74.68611382431266,75.31297606928709,-0.6268622449744328
85.11153126721808,78.19691718450372,6.914614082714365
77.11418332698736,76.29651639881568,0.8176669281716755
72.0717496237688,75.1012205048042,-3.029470881035408
76.66649770258823,75.65861072325855,1.0078869793296832
76.11241952363994,83.10426394983325,-6.99184442619331
84.1836015093256,78.54068136587222,5.642920143453381
84.69091054055431,81.73961736618341,2.951293174370903
81.83210795760073,76.84344153834842,4.988666419252311
58.14869090653198,71.92907199792621,-13.780381091394233
72.98560447633882,73.6476615565751,-0.6620570802362806
83.9941544379196,79.85234702623374,4.1418074116858605
70.17277013664147,74.67734507820302,-4.504574941561543
60.50680031823125,69.16228317673342,-8.655482858502175
86.22364506793032,82.77888422906777,3.4447608388625497
70.02063684192662,77.49992480714087,-7.4792879652142545
72.11759649742491,73.22673021684213,-1.1091337194172155
74.44558893131881,79.31855239422042,-4.872963462901609
84.01126288090256,70.80240661441034,13.20885626649222
75.98238074965289,79.08863675434493,-3.1062560046920424
77.18998036982437,72.57028838116182,4.619691988662552
82.99404765802598,83.53666181357396,-0.5426141555479802
80.0038474890762,79.42292381072963,0.580923678346565
75.77523736001497,82.75013976311813,-6.974902403103158
92.41166926971816,72.78187667597248,19.629792593745677
75.25245224353574,69.60837876054035,5.644073482995395
58.913529477473766,76.74373467971158,-17.830205202237813
68.72215214564683,81.43771881477666,-12.715566669129828
75.47824330058295,72.23338650474764,3.244856795835304
70.61084793998288,70.24433457946502,0.36651336051785677
68.2559807995899,66.48103957826882,1.774941221321086
70.04673486949301,67.66727149125786,2.379463378235144
78.21117089032514,74.22826763107625,3.9829032592488858
80.85351209975504,69.84327839852462,11.010233701230419
76.40150216900052,69.68944063606432,6.712061532936204
82.40326449711874,86.6617720880949,-4.258507590976166
76.85500688033403,79.18565080837507,-2.3306439280410416
82.01673319696957,75.06218091105679,6.954552285912783
91.14991229515994,85.98863072873479,5.161281566425146
77.03777489000016,73.38183404689421,3.6559408431059524
75.02322451557134,79.85435358576134,-4.831129070190002
66.11045297792548,73.44060727761916,-7.330154299693689
73.53238755636221,79.13989704988325,-5.607509493521036
74.29331068859203,79.51678155031942,-5.223470861727392
70.63906578208396,70.24255718721189,0.3965085948720741
84.49844657923589,80.50689626391467,3.99155031532122
88.54029158226854,76.38749492746524,12.152796654803296
64.00300171645326,78.22876149393791,-14.225759777484654
58.670521264640655,67.88197887434573,-9.211457609705079
72.10855378660037,73.89979067360835,-1.7912368870079831
77.65217034892018,83.48307214865514,-5.83090179973496
85.39839663456436,86.73675874528881,-1.3383621107244466
83.45827933387609,72.23417624368732,11.224103090188777
81.97970740748356,78.1466995677386,3.8330078397449654
87.56622258772585,76.06422109372816,11.502001493997682
77.38447783546265,75.97562553409435,1.4088523013682988
73.59698894167262,71.66763519402494,1.9293537476476814
91.8048771060699,73.20742097841979,18.597456127650105
74.6231915885143,77.83861624612952,-3.215424657615216
77.27269643160022,72.2439566016537,5.028739829946531
65.48017802894572,70.070750908497,-4.590572879551289
78.58060615381393,84.24422813457451,-5.663621980760581
69.91656129829313,72.98237462885363,-3.065813330560502
73.86815428110815,67.37547759523736,6.492676685870791
79.60890866210994,74.55944056374294,5.049468098367001
67.80696760106643,71.66716986259715,-3.8602022615307163
81.43710880947569,68.97483786093204,12.462270948543647
84.96813040685038,77.76294151522241,7.205188891627969
62.647276402730434,71.2043164364708,-8.557040033740371
77.88908985873586,72.46372641380826,5.425363444927598
63.74951317321726,73.95813169493218,-10.208618521714918
71.05504380693068,70.61770232690739,0.4373414800232922
74.39695509471835,75.18464992248214,-0.7876948277637865
75.99906707394456,79.8565733708145,-3.8575062968699427
90.07860083748253,85.41115033107715,4.667450506405373
86.95102003760138,80.4075384491729,6.543481588428477
75.23290659120286,73.35577663893066,1.877129952272199
86.53016914486126,78.02584403927888,8.504325105582382
69.29144553954262,69.99826309037675,-0.7068175508341312
70.73929052175176,69.2600671737957,1.4792233479560508
90.04900131947682,84.79955801375903,5.24944330571779
91.83025778589828,77.85930368150645,13.970954104391836
69.09962299057598,72.26738912774667,-3.1677661371706876
77.55047157303498,81.5327318078345,-3.9822602347995115
